<?xml version="1.0" encoding="UTF-8"?>
<!--
$Id: data_build.xml,v 1.3 2010/05/23 20:21:51 rk903 Exp $
-->
<project name="CRC data" basedir=".">

	<property environment="env" />

	<property file="./db.properties" />

	<!-- =================================================================== -->
	<!-- 								INIT 								 -->
	<!-- =================================================================== -->
	<target name="init"  description="Prepare for build">
		<path id="classpath">
			<pathelement location="../ojdbc14.jar" />
			<pathelement location="../sqljdbc.jar"/>
			<pathelement location="../postgresql-9.2-1002.jdbc4.jar"/>
		</path>
	</target>

	

	<!-- =================================================================== -->
	<!-- 			DATABASE SETUP TARGETS						 			 -->
	<!-- =================================================================== -->
	<target name="db_create_user" depends="init">
		<sql driver="${db.driver}" url="${db.url}" userid="${db.username}" password="${db.password}" classpathref="classpath" onerror="continue">
					CREATE USER  i2b2demodata IDENTIFIED BY   i2b2demodata;
				</sql>
	</target>

	<target name="db_cleandata_release_1-7" depends="init">
		<sql driver="${db.driver}" url="${db.url}" userid="${db.username}" password="${db.password}" classpathref="classpath" onerror="continue">
			<transaction src="./scripts/drop_all.sql" />
		</sql>
	</target>

	<target name="create_crcdata_tables_release_1-7" depends="init">

		<sql driver="${db.driver}" url="${db.url}" userid="${db.username}" password="${db.password}" classpathref="classpath" onerror="continue" autocommit="true">
			<transaction src="./scripts/crc_create_datamart_${db.type}.sql" />
			<transaction src="./scripts/crc_create_query_${db.type}.sql" />
			<transaction src="./scripts/crc_create_uploader_${db.type}.sql" />
		</sql>
	</target>
	
	<target name="create_procedures_release_1-7" depends="init">
		<sql delimiter=";" driver="${db.driver}" url="${db.url}" 
			userid="${db.username}" password="${db.password}" 
			classpathref="classpath" onerror="continue" 
			print="true"
			delimitertype="row"
			keepformat="true"
			>
			<transaction src="./scripts/procedures/${db.type}/CREATE_TEMP_CONCEPT_TABLE.sql" />
            <transaction src="./scripts/procedures/${db.type}/CREATE_TEMP_PATIENT_TABLE.sql" />
			<transaction src="./scripts/procedures/${db.type}/CREATE_TEMP_PID_TABLE.sql" />
			<transaction src="./scripts/procedures/${db.type}/CREATE_TEMP_EID_TABLE.sql" />
			<transaction src="./scripts/procedures/${db.type}/CREATE_TEMP_PROVIDER_TABLE.sql" />
			<transaction src="./scripts/procedures/${db.type}/CREATE_TEMP_TABLE.sql" />
			<transaction src="./scripts/procedures/${db.type}/CREATE_TEMP_VISIT_TABLE.sql" />
			<transaction src="./scripts/procedures/${db.type}/INSERT_CONCEPT_FROMTEMP.sql" />
			<transaction src="./scripts/procedures/${db.type}/INSERT_ENCOUNTERVISIT_FROMTEMP.sql" />
			<transaction src="./scripts/procedures/${db.type}/INSERT_PATIENT_MAP_FROMTEMP.sql" />
			<transaction src="./scripts/procedures/${db.type}/INSERT_PATIENT_FROMTEMP.sql" />
			<transaction src="./scripts/procedures/${db.type}/INSERT_PID_MAP_FROMTEMP.sql" />
			<transaction src="./scripts/procedures/${db.type}/INSERT_EID_MAP_FROMTEMP.sql" />
			<transaction src="./scripts/procedures/${db.type}/INSERT_PROVIDER_FROMTEMP.sql" />
			<transaction src="./scripts/procedures/${db.type}/REMOVE_TEMP_TABLE.sql" />
			<transaction src="./scripts/procedures/${db.type}/UPDATE_OBSERVATION_FACT.sql" />
			<transaction src="./scripts/procedures/${db.type}/SYNC_CLEAR_CONCEPT_TABLE.sql" />
		    <transaction src="./scripts/procedures/${db.type}/SYNC_CLEAR_PROVIDER_TABLE.sql" />
			<transaction src="./scripts/procedures/${db.type}/UPDATE_QUERYINSTANCE_MESSAGE.sql" />
			<transaction src="./scripts/procedures/${db.type}/CREATE_TEMP_MODIFIER_TABLE.sql" />
			<transaction src="./scripts/procedures/${db.type}/INSERT_MODIFIER_FROMTEMP.sql" />
			<transaction src="./scripts/procedures/${db.type}/SYNC_CLEAR_MODIFIER_TABLE.sql" />
  		</sql>
	</target>

	<target name="db_demodata_load_data" depends="init">
		<echo message="Loading demodata -- may take a while; over 10 min" />
		<sql driver="${db.driver}" url="${db.url}" userid="${db.username}" password="${db.password}" classpathref="classpath" keepformat="true" onerror="continue">
			<transaction src="./scripts/${db.type}/dim_code_lookup_insert_data.sql" />	
            <transaction src="./scripts/${db.type}/provider_dimension_insert_data.sql" />
			<transaction src="./scripts/${db.type}/concept_dimension_${db.project}_insert_data.sql" />	
			<transaction src="./scripts/${db.type}/observation_fact_${db.project}_insert_data.sql" />
			<transaction src="./scripts/${db.type}/query_${db.project}_insert_data.sql" />
			<transaction src="./scripts/${db.type}/visit_dimension_insert_data.sql" />	
			<transaction src="./scripts/${db.type}/patient_mapping_insert_data.sql" />
			<transaction src="./scripts/${db.type}/modifier_dimension_insert_data.sql" />
            <transaction src="./scripts/${db.type}/encounter_mapping_insert_data.sql" />
			<transaction src="./scripts/${db.type}/patient_dimension_insert_data.sql" />	
			<transaction src="./scripts/${db.type}/concept_dimension_ICD10_ICD9_insert_data.sql" />
		</sql>
	</target>
	
	
</project>


