<?xml version="1.0" encoding="utf-8" ?><dwsync><file name=".DS_Store" server="phsi2b2appdev.mgh.harvard.edu//var/www/html/webclient/" local="3400847506" remote="11990783944" /><file name="buttonDelete.png" server="phsi2b2appdev.mgh.harvard.edu//var/www/html/webclient/" local="3381232364" remote="11990783944" /><file name="buttonFind.png" server="phsi2b2appdev.mgh.harvard.edu//var/www/html/webclient/" local="3381232364" remote="11990783944" /><file name="buttonFindCode.png" server="phsi2b2appdev.mgh.harvard.edu//var/www/html/webclient/" local="3400679758" remote="11990783944" /><file name="buttonFindName.png" server="phsi2b2appdev.mgh.harvard.edu//var/www/html/webclient/" local="3400679728" remote="11990783944" /><file name="buttonGetAll.png" server="phsi2b2appdev.mgh.harvard.edu//var/www/html/webclient/" local="3400679788" remote="11990783945" /><file name="buttonMoveToBegin.png" server="phsi2b2appdev.mgh.harvard.edu//var/www/html/webclient/" local="3381232364" remote="11990783945" /><file name="buttonMovetoEnd.png" server="phsi2b2appdev.mgh.harvard.edu//var/www/html/webclient/" local="3381232364" remote="11990783945" /><file name="buttonNext.png" server="phsi2b2appdev.mgh.harvard.edu//var/www/html/webclient/" local="3381232364" remote="11990783945" /><file name="buttonPrevious.png" server="phsi2b2appdev.mgh.harvard.edu//var/www/html/webclient/" local="3381232364" remote="11990783945" /><file name="calendar.png" server="phsi2b2appdev.mgh.harvard.edu//var/www/html/webclient/" local="3381232364" remote="11990783945" /><file name="caution.png" server="phsi2b2appdev.mgh.harvard.edu//var/www/html/webclient/" local="3381232364" remote="11990783945" /><file name="closeView.png" server="phsi2b2appdev.mgh.harvard.edu//var/www/html/webclient/" local="3381232364" remote="11990783945" /><file name="container.png" server="phsi2b2appdev.mgh.harvard.edu//var/www/html/webclient/" local="3381232364" remote="11990783945" /><file name="dropDownArrow.png" server="phsi2b2appdev.mgh.harvard.edu//var/www/html/webclient/" local="3398970832" remote="11990783945" /><file name="folder.png" server="phsi2b2appdev.mgh.harvard.edu//var/www/html/webclient/" local="3381232364" remote="11990783945" /><file name="folderWP.png" server="phsi2b2appdev.mgh.harvard.edu//var/www/html/webclient/" local="3400847930" remote="11990783945" /><file name="ftByCodeLoinc01.png" server="phsi2b2appdev.mgh.harvard.edu//var/www/html/webclient/" local="3381232364" remote="11990783945" /><file name="ftByCodeLoinc02.png" server="phsi2b2appdev.mgh.harvard.edu//var/www/html/webclient/" local="3381232364" remote="11990783945" /><file name="ftByCodeLoinc03.png" server="phsi2b2appdev.mgh.harvard.edu//var/www/html/webclient/" local="3381232364" remote="11990783945" /><file name="ftByCodeLoinc04.png" server="phsi2b2appdev.mgh.harvard.edu//var/www/html/webclient/" local="3381232364" remote="11990783945" /><file name="ftByCodeLoinc05.png" server="phsi2b2appdev.mgh.harvard.edu//var/www/html/webclient/" local="3381232364" remote="11990783945" /><file name="ftByNameContain01.png" server="phsi2b2appdev.mgh.harvard.edu//var/www/html/webclient/" local="3381232364" remote="11990783945" /><file name="ftByNameContain02.png" server="phsi2b2appdev.mgh.harvard.edu//var/www/html/webclient/" local="3381232364" remote="11990783945" /><file name="ftByNameContain03.png" server="phsi2b2appdev.mgh.harvard.edu//var/www/html/webclient/" local="3381232364" remote="11990783945" /><file name="ftByNameContain04.png" server="phsi2b2appdev.mgh.harvard.edu//var/www/html/webclient/" local="3381232364" remote="11990783945" /><file name="ftByNameContain05.png" server="phsi2b2appdev.mgh.harvard.edu//var/www/html/webclient/" local="3381232364" remote="11990783945" /><file name="ftByNameEndWith01.png" server="phsi2b2appdev.mgh.harvard.edu//var/www/html/webclient/" local="3381232364" remote="11990783945" /><file name="ftByNameEndWith02.png" server="phsi2b2appdev.mgh.harvard.edu//var/www/html/webclient/" local="3381232364" remote="11990783945" /><file name="ftByNameEndWith03.png" server="phsi2b2appdev.mgh.harvard.edu//var/www/html/webclient/" local="3381232364" remote="11990783945" /><file name="ftByNameEndWith04.png" server="phsi2b2appdev.mgh.harvard.edu//var/www/html/webclient/" local="3381232364" remote="11990783945" /><file name="ftByNameEndWith05.png" server="phsi2b2appdev.mgh.harvard.edu//var/www/html/webclient/" local="3381232366" remote="11990783945" /><file name="ftByNameExact01.png" server="phsi2b2appdev.mgh.harvard.edu//var/www/html/webclient/" local="3381232366" remote="11990783946" /><file name="ftByNameExact02.png" server="phsi2b2appdev.mgh.harvard.edu//var/www/html/webclient/" local="3381232366" remote="11990783946" /><file name="ftByNameExact03.png" server="phsi2b2appdev.mgh.harvard.edu//var/www/html/webclient/" local="3381232366" remote="11990783946" /><file name="ftByNameExact04.png" server="phsi2b2appdev.mgh.harvard.edu//var/www/html/webclient/" local="3381232366" remote="11990783946" /><file name="ftByNameExact05.png" server="phsi2b2appdev.mgh.harvard.edu//var/www/html/webclient/" local="3381232366" remote="11990783946" /><file name="ftByNameStartWith01.png" server="phsi2b2appdev.mgh.harvard.edu//var/www/html/webclient/" local="3381232366" remote="11990783946" /><file name="ftByNameStartWith02.png" server="phsi2b2appdev.mgh.harvard.edu//var/www/html/webclient/" local="3381232366" remote="11990783946" /><file name="ftByNameStartWith03.png" server="phsi2b2appdev.mgh.harvard.edu//var/www/html/webclient/" local="3381232366" remote="11990783946" /><file name="ftByNameStartWith04.png" server="phsi2b2appdev.mgh.harvard.edu//var/www/html/webclient/" local="3381232366" remote="11990783946" /><file name="ftByNameStartWith05.png" server="phsi2b2appdev.mgh.harvard.edu//var/www/html/webclient/" local="3381232366" remote="11990783946" /><file name="ftLayout.png" server="phsi2b2appdev.mgh.harvard.edu//var/www/html/webclient/" local="3381232366" remote="11990783946" /><file name="ftLayoutModifier.png" server="phsi2b2appdev.mgh.harvard.edu//var/www/html/webclient/" local="3400066238" remote="11990783946" /><file name="ftMaxExceedMsg.png" server="phsi2b2appdev.mgh.harvard.edu//var/www/html/webclient/" local="3381232366" remote="11990783946" /><file name="ftMdStartWith01.png" server="phsi2b2appdev.mgh.harvard.edu//var/www/html/webclient/" local="3400683148" remote="11990783946" /><file name="ftMenu.png" server="phsi2b2appdev.mgh.harvard.edu//var/www/html/webclient/" local="3400258364" remote="11990783946" /><file name="ftMenuFindMod.png" server="phsi2b2appdev.mgh.harvard.edu//var/www/html/webclient/" local="3398960584" remote="11990783946" /><file name="ftMenuFindModifiers.png" server="phsi2b2appdev.mgh.harvard.edu//var/www/html/webclient/" local="3400258624" remote="11990783946" /><file name="ftModByCode01.png" server="phsi2b2appdev.mgh.harvard.edu//var/www/html/webclient/" local="3400688218" remote="11990783946" /><file name="ftModByCode02.png" server="phsi2b2appdev.mgh.harvard.edu//var/www/html/webclient/" local="3400688332" remote="11990783946" /><file name="ftModContain01.png" server="phsi2b2appdev.mgh.harvard.edu//var/www/html/webclient/" local="3400683430" remote="11990783947" /><file name="ftModContain02.png" server="phsi2b2appdev.mgh.harvard.edu//var/www/html/webclient/" local="3400684506" remote="11990783947" /><file name="ftModContain03.png" server="phsi2b2appdev.mgh.harvard.edu//var/www/html/webclient/" local="3400687166" remote="11990783947" /><file name="ftModEndWith01.png" server="phsi2b2appdev.mgh.harvard.edu//var/www/html/webclient/" local="3400683224" remote="11990783947" /><file name="ftModEndWith02.png" server="phsi2b2appdev.mgh.harvard.edu//var/www/html/webclient/" local="3400684398" remote="11990783947" /><file name="ftModEndWith03.png" server="phsi2b2appdev.mgh.harvard.edu//var/www/html/webclient/" local="3400687220" remote="11990783947" /><file name="ftModExact01.png" server="phsi2b2appdev.mgh.harvard.edu//var/www/html/webclient/" local="3400683502" remote="11990783947" /><file name="ftModExact02.png" server="phsi2b2appdev.mgh.harvard.edu//var/www/html/webclient/" local="3400684588" remote="11990783947" /><file name="ftModExact03.png" server="phsi2b2appdev.mgh.harvard.edu//var/www/html/webclient/" local="3400687140" remote="11990783947" /><file name="ftModGetAll.png" server="phsi2b2appdev.mgh.harvard.edu//var/www/html/webclient/" local="3400688606" remote="11990783947" /><file name="ftModifiersView.png" server="phsi2b2appdev.mgh.harvard.edu//var/www/html/webclient/" local="3400259284" remote="11990783947" /><file name="ftModQualifierField.png" server="phsi2b2appdev.mgh.harvard.edu//var/www/html/webclient/" local="3400683084" remote="11990783947" /><file name="ftModStartWith01.png" server="phsi2b2appdev.mgh.harvard.edu//var/www/html/webclient/" local="3400683164" remote="11990783947" /><file name="ftModStartWith02.png" server="phsi2b2appdev.mgh.harvard.edu//var/www/html/webclient/" local="3400684426" remote="11990783947" /><file name="ftModStartWith03.png" server="phsi2b2appdev.mgh.harvard.edu//var/www/html/webclient/" local="3400687250" remote="11990783947" /><file name="ftModView.png" server="phsi2b2appdev.mgh.harvard.edu//var/www/html/webclient/" local="3400682962" remote="11990783947" /><file name="ftOptions.png" server="phsi2b2appdev.mgh.harvard.edu//var/www/html/webclient/" local="3400236426" remote="11990783947" /><file name="ftView.png" server="phsi2b2appdev.mgh.harvard.edu//var/www/html/webclient/" local="3381232366" remote="11990783947" /><file name="important.png" server="phsi2b2appdev.mgh.harvard.edu//var/www/html/webclient/" local="3381232366" remote="11990783947" /><file name="leaf.png" server="phsi2b2appdev.mgh.harvard.edu//var/www/html/webclient/" local="3381232366" remote="11990783948" /><file name="minusSign.png" server="phsi2b2appdev.mgh.harvard.edu//var/www/html/webclient/" local="3381232366" remote="11990783948" /><file name="modifier.png" server="phsi2b2appdev.mgh.harvard.edu//var/www/html/webclient/" local="3370880490" remote="11990783948" /><file name="modifierContainer.png" server="phsi2b2appdev.mgh.harvard.edu//var/www/html/webclient/" local="3383050440" remote="11990783948" /><file name="modifierContainerLocked.png" server="phsi2b2appdev.mgh.harvard.edu//var/www/html/webclient/" local="3386087518" remote="11990783948" /><file name="modifierContainerPencil.png" server="phsi2b2appdev.mgh.harvard.edu//var/www/html/webclient/" local="3386088302" remote="11990783948" /><file name="modifierFolder.png" server="phsi2b2appdev.mgh.harvard.edu//var/www/html/webclient/" local="3382976986" remote="11990783948" /><file name="modifierFolderLocked.png" server="phsi2b2appdev.mgh.harvard.edu//var/www/html/webclient/" local="3386087774" remote="11990783948" /><file name="modifierFolderPencil.png" server="phsi2b2appdev.mgh.harvard.edu//var/www/html/webclient/" local="3386088248" remote="11990783948" /><file name="modifierLocked.png" server="phsi2b2appdev.mgh.harvard.edu//var/www/html/webclient/" local="3386087968" remote="11990783948" /><file name="modifierPencil.png" server="phsi2b2appdev.mgh.harvard.edu//var/www/html/webclient/" local="3386088344" remote="11990783948" /><file name="note.png" server="phsi2b2appdev.mgh.harvard.edu//var/www/html/webclient/" local="3381232366" remote="11990783948" /><file name="ntMaxExceedMsg.png" server="phsi2b2appdev.mgh.harvard.edu//var/www/html/webclient/" local="3381232366" remote="11990783948" /><file name="ntOptions.png" server="phsi2b2appdev.mgh.harvard.edu//var/www/html/webclient/" local="3400838838" remote="11990783948" /><file name="ntView.png" server="phsi2b2appdev.mgh.harvard.edu//var/www/html/webclient/" local="3381232366" remote="11990783948" /><file name="options.png" server="phsi2b2appdev.mgh.harvard.edu//var/www/html/webclient/" local="3381232366" remote="11990783948" /><file name="pluginsTimelineDragConcept.png" server="phsi2b2appdev.mgh.harvard.edu//var/www/html/webclient/" local="3381232366" remote="11990783948" /><file name="pluginsTimelineDragFolder.png" server="phsi2b2appdev.mgh.harvard.edu//var/www/html/webclient/" local="3381232366" remote="11990783948" /><file name="pluginsTimelineDragPtSet.png" server="phsi2b2appdev.mgh.harvard.edu//var/www/html/webclient/" local="3381232366" remote="11990783948" /><file name="pluginsTimelineDropConcept.png" server="phsi2b2appdev.mgh.harvard.edu//var/www/html/webclient/" local="3381232366" remote="11990783949" /><file name="pluginsTimelineDropFolder.png" server="phsi2b2appdev.mgh.harvard.edu//var/www/html/webclient/" local="3381232366" remote="11990783949" /><file name="pluginsTimelineDropPtSet.png" server="phsi2b2appdev.mgh.harvard.edu//var/www/html/webclient/" local="3381232368" remote="11990783949" /><file name="pluginsTimelineSelect.png" server="phsi2b2appdev.mgh.harvard.edu//var/www/html/webclient/" local="3381232368" remote="11990783949" /><file name="pluginsTimelineView.png" server="phsi2b2appdev.mgh.harvard.edu//var/www/html/webclient/" local="3381232368" remote="11990783949" /><file name="pluginsViewerSelection.png" server="phsi2b2appdev.mgh.harvard.edu//var/www/html/webclient/" local="3381232368" remote="11990783949" /><file name="plusSign.png" server="phsi2b2appdev.mgh.harvard.edu//var/www/html/webclient/" local="3381232368" remote="11990783949" /><file name="pqAge.png" server="phsi2b2appdev.mgh.harvard.edu//var/www/html/webclient/" local="3398787658" remote="11990783949" /><file name="pqDeleteQueryMsg.png" server="phsi2b2appdev.mgh.harvard.edu//var/www/html/webclient/" local="3381232368" remote="11990783949" /><file name="pqEncSet.png" server="phsi2b2appdev.mgh.harvard.edu//var/www/html/webclient/" local="3398787662" remote="11990783949" /><file name="pqGender.png" server="phsi2b2appdev.mgh.harvard.edu//var/www/html/webclient/" local="3398787662" remote="11990783949" /><file name="pqMenu.png" server="phsi2b2appdev.mgh.harvard.edu//var/www/html/webclient/" local="3381232368" remote="11990783949" /><file name="pqMenuDelete.png" server="phsi2b2appdev.mgh.harvard.edu//var/www/html/webclient/" local="3381232368" remote="11990783949" /><file name="pqMenuRefresh.png" server="phsi2b2appdev.mgh.harvard.edu//var/www/html/webclient/" local="3381232368" remote="11990783949" /><file name="pqMenuRename.png" server="phsi2b2appdev.mgh.harvard.edu//var/www/html/webclient/" local="3381232368" remote="11990783949" /><file name="pqNameLayout.png" server="phsi2b2appdev.mgh.harvard.edu//var/www/html/webclient/" local="3381232368" remote="11990783949" /><file name="pqOptions.png" server="phsi2b2appdev.mgh.harvard.edu//var/www/html/webclient/" local="3381232368" remote="11990783949" /><file name="pqPtCount.png" server="phsi2b2appdev.mgh.harvard.edu//var/www/html/webclient/" local="3398787662" remote="11990783949" /><file name="pqPtSet.png" server="phsi2b2appdev.mgh.harvard.edu//var/www/html/webclient/" local="3398785644" remote="11990783949" /><file name="pqRace.png" server="phsi2b2appdev.mgh.harvard.edu//var/www/html/webclient/" local="3398787662" remote="11990783949" /><file name="pqRenameQuery.png" server="phsi2b2appdev.mgh.harvard.edu//var/www/html/webclient/" local="3381232368" remote="11990783950" /><file name="pqResultsFolder.png" server="phsi2b2appdev.mgh.harvard.edu//var/www/html/webclient/" local="3400847448" remote="11990783950" /><file name="pqView.png" server="phsi2b2appdev.mgh.harvard.edu//var/www/html/webclient/" local="3381232368" remote="11990783950" /><file name="pqVitalStatus.png" server="phsi2b2appdev.mgh.harvard.edu//var/www/html/webclient/" local="3398787658" remote="11990783950" /><file name="prevQuery.png" server="phsi2b2appdev.mgh.harvard.edu//var/www/html/webclient/" local="3400847522" remote="11990783950" /><file name="ptBreakdowns.png" server="phsi2b2appdev.mgh.harvard.edu//var/www/html/webclient/" local="3400511816" remote="11990783950" /><file name="ptCount.png" server="phsi2b2appdev.mgh.harvard.edu//var/www/html/webclient/" local="3400511800" remote="11990783950" /><file name="ptSet.png" server="phsi2b2appdev.mgh.harvard.edu//var/www/html/webclient/" local="3400511748" remote="11990783950" /><file name="qtConstDateCal1.png" server="phsi2b2appdev.mgh.harvard.edu//var/www/html/webclient/" local="3381232368" remote="11990783950" /><file name="qtConstDateCal2.png" server="phsi2b2appdev.mgh.harvard.edu//var/www/html/webclient/" local="3381232368" remote="11990783950" /><file name="qtConstDateFrom.png" server="phsi2b2appdev.mgh.harvard.edu//var/www/html/webclient/" local="3398971198" remote="11990783950" /><file name="qtConstDateFromTo.png" server="phsi2b2appdev.mgh.harvard.edu//var/www/html/webclient/" local="3398971354" remote="11990783950" /><file name="qtConstDateSelect.png" server="phsi2b2appdev.mgh.harvard.edu//var/www/html/webclient/" local="3381232370" remote="11990783950" /><file name="qtConstDateSet.png" server="phsi2b2appdev.mgh.harvard.edu//var/www/html/webclient/" local="3381232370" remote="11990783950" /><file name="qtConstDateTo.png" server="phsi2b2appdev.mgh.harvard.edu//var/www/html/webclient/" local="3398776298" remote="11990783950" /><file name="qtConstDateWindow.png" server="phsi2b2appdev.mgh.harvard.edu//var/www/html/webclient/" local="3398775894" remote="11990783950" /><file name="qtConstExcludeSelect.png" server="phsi2b2appdev.mgh.harvard.edu//var/www/html/webclient/" local="3381232370" remote="11990783950" /><file name="qtConstExcludeSet.png" server="phsi2b2appdev.mgh.harvard.edu//var/www/html/webclient/" local="3381232370" remote="11990783950" /><file name="qtConstOccurSelect.png" server="phsi2b2appdev.mgh.harvard.edu//var/www/html/webclient/" local="3381232370" remote="11990783950" /><file name="qtConstOccurSelection.png" server="phsi2b2appdev.mgh.harvard.edu//var/www/html/webclient/" local="3398776484" remote="11990783951" /><file name="qtConstOccurSet.png" server="phsi2b2appdev.mgh.harvard.edu//var/www/html/webclient/" local="3381232370" remote="11990783951" /><file name="qtConstOccurWindow.png" server="phsi2b2appdev.mgh.harvard.edu//var/www/html/webclient/" local="3398776362" remote="11990783951" /><file name="qtConstPanelAnySameInstance.png" server="phsi2b2appdev.mgh.harvard.edu//var/www/html/webclient/" local="3398970300" remote="11990783951" /><file name="qtConstPanelAnySameVisit.png" server="phsi2b2appdev.mgh.harvard.edu//var/www/html/webclient/" local="3398970362" remote="11990783951" /><file name="qtConstPanelAnyVisit.png" server="phsi2b2appdev.mgh.harvard.edu//var/www/html/webclient/" local="3381232370" remote="11990783951" /><file name="qtConstPanelSameInstance.png" server="phsi2b2appdev.mgh.harvard.edu//var/www/html/webclient/" local="3398788504" remote="11990783951" /><file name="qtConstPanelSameVisit.png" server="phsi2b2appdev.mgh.harvard.edu//var/www/html/webclient/" local="3381232370" remote="11990783951" /><file name="qtConstTemporal.png" server="phsi2b2appdev.mgh.harvard.edu//var/www/html/webclient/" local="3381232370" remote="11990783951" /><file name="qtConstValCkmb1.png" server="phsi2b2appdev.mgh.harvard.edu//var/www/html/webclient/" local="3398776954" remote="11990783951" /><file name="qtConstValCkmb2.png" server="phsi2b2appdev.mgh.harvard.edu//var/www/html/webclient/" local="3398777044" remote="11990783951" /><file name="qtConstValCkmb3.png" server="phsi2b2appdev.mgh.harvard.edu//var/www/html/webclient/" local="3398777138" remote="11990783951" /><file name="qtConstValCpk1.png" server="phsi2b2appdev.mgh.harvard.edu//var/www/html/webclient/" local="3398777226" remote="11990783951" /><file name="qtConstValCpk2.png" server="phsi2b2appdev.mgh.harvard.edu//var/www/html/webclient/" local="3398777286" remote="11990783951" /><file name="qtConstValCpk3.png" server="phsi2b2appdev.mgh.harvard.edu//var/www/html/webclient/" local="3398777618" remote="11990783951" /><file name="qtConstValEnterVal.png" server="phsi2b2appdev.mgh.harvard.edu//var/www/html/webclient/" local="3381232370" remote="11990783951" /><file name="qtConstValOperator.png" server="phsi2b2appdev.mgh.harvard.edu//var/www/html/webclient/" local="3381232370" remote="11990783951" /><file name="qtConstValSelect.png" server="phsi2b2appdev.mgh.harvard.edu//var/www/html/webclient/" local="3381232370" remote="11990783951" /><file name="qtConstValSelectMod.png" server="phsi2b2appdev.mgh.harvard.edu//var/www/html/webclient/" local="3399034604" remote="11990783951" /><file name="qtConstValTrimoxDose1.png" server="phsi2b2appdev.mgh.harvard.edu//var/www/html/webclient/" local="3399045202" remote="11990783951" /><file name="qtConstValTrimoxDose2.png" server="phsi2b2appdev.mgh.harvard.edu//var/www/html/webclient/" local="3399045288" remote="11990783951" /><file name="qtConstValTrimoxDose3.png" server="phsi2b2appdev.mgh.harvard.edu//var/www/html/webclient/" local="3399045428" remote="11990783951" /><file name="qtConstValTrimoxFreq1.png" server="phsi2b2appdev.mgh.harvard.edu//var/www/html/webclient/" local="3399035024" remote="11990783951" /><file name="qtConstValTrimoxFreq2.png" server="phsi2b2appdev.mgh.harvard.edu//var/www/html/webclient/" local="3399035202" remote="11990783951" /><file name="qtConstValTrimoxFreq3.png" server="phsi2b2appdev.mgh.harvard.edu//var/www/html/webclient/" local="3399035360" remote="11990783951" /><file name="qtConstValTropI1.png" server="phsi2b2appdev.mgh.harvard.edu//var/www/html/webclient/" local="3398776602" remote="11990783951" /><file name="qtConstValTropI2.png" server="phsi2b2appdev.mgh.harvard.edu//var/www/html/webclient/" local="3398776646" remote="11990783951" /><file name="qtConstValTropI3.png" server="phsi2b2appdev.mgh.harvard.edu//var/www/html/webclient/" local="3398776830" remote="11990783951" /><file name="qtConstValUnits1.png" server="phsi2b2appdev.mgh.harvard.edu//var/www/html/webclient/" local="3398976664" remote="11990783951" /><file name="qtConstValUnits2.png" server="phsi2b2appdev.mgh.harvard.edu//var/www/html/webclient/" local="3398976576" remote="11990783951" /><file name="qtConstValUnits3.png" server="phsi2b2appdev.mgh.harvard.edu//var/www/html/webclient/" local="3398977662" remote="11990783951" /><file name="qtConstValUnitsList.png" server="phsi2b2appdev.mgh.harvard.edu//var/www/html/webclient/" local="3398977006" remote="11990783951" /><file name="qtDeleteItem.png" server="phsi2b2appdev.mgh.harvard.edu//var/www/html/webclient/" local="3381232370" remote="11990783951" /><file name="qtDragConceptMI.png" server="phsi2b2appdev.mgh.harvard.edu//var/www/html/webclient/" local="3381232370" remote="11990783951" /><file name="qtDragEncSet.png" server="phsi2b2appdev.mgh.harvard.edu//var/www/html/webclient/" local="3398964756" remote="11990783951" /><file name="qtDragFolderCardioAgents.png" server="phsi2b2appdev.mgh.harvard.edu//var/www/html/webclient/" local="3381232372" remote="11990783951" /><file name="qtDragFolderMI.png" server="phsi2b2appdev.mgh.harvard.edu//var/www/html/webclient/" local="3381232372" remote="11990783951" /><file name="qtDragModPrincDx.png" server="phsi2b2appdev.mgh.harvard.edu//var/www/html/webclient/" local="3398959478" remote="11990783951" /><file name="qtDragPqIschemicHrt.png" server="phsi2b2appdev.mgh.harvard.edu//var/www/html/webclient/" local="3381232372" remote="11990783951" /><file name="qtDragPqIschemicHrtPanel.png" server="phsi2b2appdev.mgh.harvard.edu//var/www/html/webclient/" local="3398962958" remote="11990783951" /><file name="qtDragPtSet.png" server="phsi2b2appdev.mgh.harvard.edu//var/www/html/webclient/" local="3398964708" remote="11990783951" /><file name="qtDropConceptMI.png" server="phsi2b2appdev.mgh.harvard.edu//var/www/html/webclient/" local="3381232372" remote="11990783951" /><file name="qtDropEncSet.png" server="phsi2b2appdev.mgh.harvard.edu//var/www/html/webclient/" local="3400584604" remote="11990783951" /><file name="qtDropFolderCardioAgents.png" server="phsi2b2appdev.mgh.harvard.edu//var/www/html/webclient/" local="3381232372" remote="11990783951" /><file name="qtDropFolderMI.png" server="phsi2b2appdev.mgh.harvard.edu//var/www/html/webclient/" local="3381232372" remote="11990783951" /><file name="qtDropModPrincDx.png" server="phsi2b2appdev.mgh.harvard.edu//var/www/html/webclient/" local="3398959634" remote="11990783951" /><file name="qtDropPqIschemicHrt.png" server="phsi2b2appdev.mgh.harvard.edu//var/www/html/webclient/" local="3381232372" remote="11990783951" /><file name="qtDropPqIschemicHrtPanel.png" server="phsi2b2appdev.mgh.harvard.edu//var/www/html/webclient/" local="3400584694" remote="11990783951" /><file name="qtDropPtSet.png" server="phsi2b2appdev.mgh.harvard.edu//var/www/html/webclient/" local="3400584534" remote="11990783951" /><file name="qtMenuMod.png" server="phsi2b2appdev.mgh.harvard.edu//var/www/html/webclient/" local="3399034530" remote="11990783951" /><file name="qtOperatorAnd.png" server="phsi2b2appdev.mgh.harvard.edu//var/www/html/webclient/" local="3381232372" remote="11990783951" /><file name="qtOperatorOr.png" server="phsi2b2appdev.mgh.harvard.edu//var/www/html/webclient/" local="3381232372" remote="11990783951" /><file name="qtOptions.png" server="phsi2b2appdev.mgh.harvard.edu//var/www/html/webclient/" local="3398787796" remote="11990783951" /><file name="qtPanelAdd.png" server="phsi2b2appdev.mgh.harvard.edu//var/www/html/webclient/" local="3381232372" remote="11990783951" /><file name="qtPanelLayout.png" server="phsi2b2appdev.mgh.harvard.edu//var/www/html/webclient/" local="3381232372" remote="11990783951" /><file name="qtPrinterSelect.png" server="phsi2b2appdev.mgh.harvard.edu//var/www/html/webclient/" local="3381232372" remote="11990783951" /><file name="qtPrintMenu.png" server="phsi2b2appdev.mgh.harvard.edu//var/www/html/webclient/" local="3381232372" remote="11990783951" /><file name="qtPrintWindow.png" server="phsi2b2appdev.mgh.harvard.edu//var/www/html/webclient/" local="3398974772" remote="11990783951" /><file name="qtQueryName.png" server="phsi2b2appdev.mgh.harvard.edu//var/www/html/webclient/" local="3381232372" remote="11990783951" /><file name="qtQueryStatusAge.png" server="phsi2b2appdev.mgh.harvard.edu//var/www/html/webclient/" local="3398785392" remote="11990783951" /><file name="qtQueryStatusCancel.png" server="phsi2b2appdev.mgh.harvard.edu//var/www/html/webclient/" local="3398785978" remote="11990783951" /><file name="qtQueryStatusEncSet.png" server="phsi2b2appdev.mgh.harvard.edu//var/www/html/webclient/" local="3398784658" remote="11990783951" /><file name="qtQueryStatusFinishMI.png" server="phsi2b2appdev.mgh.harvard.edu//var/www/html/webclient/" local="3398773526" remote="11990783951" /><file name="qtQueryStatusGender.png" server="phsi2b2appdev.mgh.harvard.edu//var/www/html/webclient/" local="3398784906" remote="11990783951" /><file name="qtQueryStatusPtCount.png" server="phsi2b2appdev.mgh.harvard.edu//var/www/html/webclient/" local="3398784774" remote="11990783951" /><file name="qtQueryStatusPtSet.png" server="phsi2b2appdev.mgh.harvard.edu//var/www/html/webclient/" local="3398784430" remote="11990783951" /><file name="qtQueryStatusRace.png" server="phsi2b2appdev.mgh.harvard.edu//var/www/html/webclient/" local="3398785252" remote="11990783951" /><file name="qtQueryStatusRunMI.png" server="phsi2b2appdev.mgh.harvard.edu//var/www/html/webclient/" local="3398773468" remote="11990783951" /><file name="qtQueryStatusView.png" server="phsi2b2appdev.mgh.harvard.edu//var/www/html/webclient/" local="3381232372" remote="11990783951" /><file name="qtQueryStatusVitalStatus.png" server="phsi2b2appdev.mgh.harvard.edu//var/www/html/webclient/" local="3398785066" remote="11990783951" /><file name="qtRunQueryWindow.png" server="phsi2b2appdev.mgh.harvard.edu//var/www/html/webclient/" local="3398777776" remote="11990783951" /><file name="qtTimingEx01.png" server="phsi2b2appdev.mgh.harvard.edu//var/www/html/webclient/" local="3398967464" remote="11990783951" /><file name="qtTimingEx01Result OLD2.png" server="phsi2b2appdev.mgh.harvard.edu//var/www/html/webclient/" local="3398773778" remote="11990783951" /><file name="qtTimingEx01Result.png" server="phsi2b2appdev.mgh.harvard.edu//var/www/html/webclient/" local="3398967564" remote="11990783951" /><file name="qtTimingEx02.png" server="phsi2b2appdev.mgh.harvard.edu//var/www/html/webclient/" local="3398967628" remote="11990783951" /><file name="qtTimingEx02Result OLD2.png" server="phsi2b2appdev.mgh.harvard.edu//var/www/html/webclient/" local="3398788364" remote="11990783952" /><file name="qtTimingEx02Result.png" server="phsi2b2appdev.mgh.harvard.edu//var/www/html/webclient/" local="3398967678" remote="11990783952" /><file name="qtTimingEx03.png" server="phsi2b2appdev.mgh.harvard.edu//var/www/html/webclient/" local="3398967708" remote="11990783952" /><file name="qtTimingEx03Result.png" server="phsi2b2appdev.mgh.harvard.edu//var/www/html/webclient/" local="3398967760" remote="11990783952" /><file name="qtTimingEx04.png" server="phsi2b2appdev.mgh.harvard.edu//var/www/html/webclient/" local="3398969490" remote="11990783952" /><file name="qtTimingEx04Result.png" server="phsi2b2appdev.mgh.harvard.edu//var/www/html/webclient/" local="3398969560" remote="11990783952" /><file name="qtTimingEx05.png" server="phsi2b2appdev.mgh.harvard.edu//var/www/html/webclient/" local="3398969662" remote="11990783952" /><file name="qtTimingEx05Result.png" server="phsi2b2appdev.mgh.harvard.edu//var/www/html/webclient/" local="3398969680" remote="11990783952" /><file name="qtToolbarCancelQuery.png" server="phsi2b2appdev.mgh.harvard.edu//var/www/html/webclient/" local="3398786136" remote="11990783952" /><file name="qtToolbarClearButton.png" server="phsi2b2appdev.mgh.harvard.edu//var/www/html/webclient/" local="3398787608" remote="11990783952" /><file name="qtToolbarLayout.png" server="phsi2b2appdev.mgh.harvard.edu//var/www/html/webclient/" local="3381232374" remote="11990783952" /><file name="qtToolbarNewGrpButton.png" server="phsi2b2appdev.mgh.harvard.edu//var/www/html/webclient/" local="3398787192" remote="11990783952" /><file name="qtToolbarPrintQuery.png" server="phsi2b2appdev.mgh.harvard.edu//var/www/html/webclient/" local="3398786364" remote="11990783952" /><file name="qtToolbarRunQuery.png" server="phsi2b2appdev.mgh.harvard.edu//var/www/html/webclient/" local="3398787476" remote="11990783952" /><file name="qtView.png" server="phsi2b2appdev.mgh.harvard.edu//var/www/html/webclient/" local="3381232374" remote="11990783952" /><file name="resizeWorkspace.png" server="phsi2b2appdev.mgh.harvard.edu//var/www/html/webclient/" local="3381232374" remote="11990783952" /><file name="temp_modifierLabel2.png" server="phsi2b2appdev.mgh.harvard.edu//var/www/html/webclient/" local="3399377422" remote="11990783952" /><file name="temp_modifierLable.png" server="phsi2b2appdev.mgh.harvard.edu//var/www/html/webclient/" local="3399377322" remote="11990783952" /><file name="tip.png" server="phsi2b2appdev.mgh.harvard.edu//var/www/html/webclient/" local="3381232374" remote="11990783952" /><file name="warning.png" server="phsi2b2appdev.mgh.harvard.edu//var/www/html/webclient/" local="3381232374" remote="11990783952" /><file name="wcToolbarAnalysisTools.png" server="phsi2b2appdev.mgh.harvard.edu//var/www/html/webclient/" local="3381232374" remote="11990783952" /><file name="wpDragConcept.png" server="phsi2b2appdev.mgh.harvard.edu//var/www/html/webclient/" local="3381232374" remote="11990783952" /><file name="wpDragEncSet.png" server="phsi2b2appdev.mgh.harvard.edu//var/www/html/webclient/" local="3399377612" remote="11990783952" /><file name="wpDragFolder.png" server="phsi2b2appdev.mgh.harvard.edu//var/www/html/webclient/" local="3381235974" remote="11990783952" /><file name="wpDragModifier.png" server="phsi2b2appdev.mgh.harvard.edu//var/www/html/webclient/" local="3399298396" remote="11990783952" /><file name="wpDragPq.png" server="phsi2b2appdev.mgh.harvard.edu//var/www/html/webclient/" local="3399377798" remote="11990783952" /><file name="wpDragPtSet.png" server="phsi2b2appdev.mgh.harvard.edu//var/www/html/webclient/" local="3399377860" remote="11990783952" /><file name="wpDropConcept.png" server="phsi2b2appdev.mgh.harvard.edu//var/www/html/webclient/" local="3381232374" remote="11990783952" /><file name="wpDropEncSet.png" server="phsi2b2appdev.mgh.harvard.edu//var/www/html/webclient/" local="3399378954" remote="11990783952" /><file name="wpDropFolder.png" server="phsi2b2appdev.mgh.harvard.edu//var/www/html/webclient/" local="3381232374" remote="11990783952" /><file name="wpDropModifier.png" server="phsi2b2appdev.mgh.harvard.edu//var/www/html/webclient/" local="3399378144" remote="11990783952" /><file name="wpDropPq.png" server="phsi2b2appdev.mgh.harvard.edu//var/www/html/webclient/" local="3399376996" remote="11990783952" /><file name="wpDropPtSet.png" server="phsi2b2appdev.mgh.harvard.edu//var/www/html/webclient/" local="3399378196" remote="11990783952" /><file name="wpFolderAdded.png" server="phsi2b2appdev.mgh.harvard.edu//var/www/html/webclient/" local="3381232374" remote="11990783952" /><file name="wpFolderAddNew.png" server="phsi2b2appdev.mgh.harvard.edu//var/www/html/webclient/" local="3381232374" remote="11990783952" /><file name="wpFolderAddNewWindow.png" server="phsi2b2appdev.mgh.harvard.edu//var/www/html/webclient/" local="3381232374" remote="11990783952" /><file name="wpFolderAnnotateSelect.png" server="phsi2b2appdev.mgh.harvard.edu//var/www/html/webclient/" local="3399295402" remote="11990783952" /><file name="wpFolderAnnotateWindow.png" server="phsi2b2appdev.mgh.harvard.edu//var/www/html/webclient/" local="3381232374" remote="11990783952" /><file name="wpFolderDeleteSelect.png" server="phsi2b2appdev.mgh.harvard.edu//var/www/html/webclient/" local="3399295456" remote="11990783952" /><file name="wpFolderDeleteWarning.png" server="phsi2b2appdev.mgh.harvard.edu//var/www/html/webclient/" local="3381232374" remote="11990783952" /><file name="wpFolderRenamed.png" server="phsi2b2appdev.mgh.harvard.edu//var/www/html/webclient/" local="3381232376" remote="11990783952" /><file name="wpFolderRenameSelect.png" server="phsi2b2appdev.mgh.harvard.edu//var/www/html/webclient/" local="3399295276" remote="11990783952" /><file name="wpFolderRenameWindow.png" server="phsi2b2appdev.mgh.harvard.edu//var/www/html/webclient/" local="3381232376" remote="11990783952" /><file name="wpItemAnnotateSelect.png" server="phsi2b2appdev.mgh.harvard.edu//var/www/html/webclient/" local="3399295808" remote="11990783952" /><file name="wpItemAnnotateWindow.png" server="phsi2b2appdev.mgh.harvard.edu//var/www/html/webclient/" local="3381232376" remote="11990783952" /><file name="wpItemDeleteMsg.png" server="phsi2b2appdev.mgh.harvard.edu//var/www/html/webclient/" local="3381232376" remote="11990783952" /><file name="wpItemDeleteSelect.png" server="phsi2b2appdev.mgh.harvard.edu//var/www/html/webclient/" local="3399295896" remote="11990783952" /><file name="wpItemRenameSelect.png" server="phsi2b2appdev.mgh.harvard.edu//var/www/html/webclient/" local="3399295756" remote="11990783952" /><file name="wpItemRenameWindow.png" server="phsi2b2appdev.mgh.harvard.edu//var/www/html/webclient/" local="3381232376" remote="11990783952" /><file name="wpMenuFolder.png" server="phsi2b2appdev.mgh.harvard.edu//var/www/html/webclient/" local="3399295086" remote="11990783952" /><file name="wpMenuItem.png" server="phsi2b2appdev.mgh.harvard.edu//var/www/html/webclient/" local="3399295686" remote="11990783952" /><file name="wpMenuNew.png" server="phsi2b2appdev.mgh.harvard.edu//var/www/html/webclient/" local="3399294862" remote="11990783952" /><file name="wpView.png" server="phsi2b2appdev.mgh.harvard.edu//var/www/html/webclient/" local="3399377226" remote="11990783952" /></dwsync>