<?xml version="1.0" encoding="UTF-8"?>
<service name="PMService" scope="request">
    <description>
        Project Management Processing Service
    </description>
    <operation name="getServices">
        <messageReceiver class="org.apache.axis2.receivers.RawXMLINOutMessageReceiver"/>
    </operation>
    <operation name="getVersion">
        <messageReceiver class="org.apache.axis2.receivers.RawXMLINOutMessageReceiver"/>
    </operation>
    <parameter name="ServiceClass">edu.harvard.i2b2.pm.ws.PMService</parameter>
</service>