<?xml version="1.0" encoding="UTF-8"?>
<!--
$Id: data_build.xml,v 1.1 2008/06/24 13:29:36 lcp5 Exp $
-->
<project name="WorkplaceData" basedir=".">

	<property environment="env" />

	<property file="./etc/scripts/db.properties" />

	<!-- =================================================================== -->
	<!-- 								INIT 								 -->
	<!-- =================================================================== -->
	<target name="init"  description="Prepare for build">
		<path id="classpath">
			<pathelement location="./etc/scripts/ojdbc14.jar" />
			<pathelement location="./etc/scripts/sqljdbc.jar" />
		</path>
	</target>


	<!-- =================================================================== -->
	<!-- 			DATABASE SETUP TARGETS						 			 -->
	<!-- =================================================================== -->
	<target name="db_create_user" depends="init">
		<sql driver="${db.driver}" url="${db.url}" userid="${db.username}" password="${db.password}" classpathref="classpath" onerror="continue" print="true">
					CREATE USER  i2b2demodata IDENTIFIED BY   i2b2demodata;
					CREATE USER  i2b2metadata IDENTIFIED BY   i2b2metadata;
				</sql>
	</target>

	<target name="db_workdata_create_tables" depends="init">
		<sql driver="${db.driver}" url="${db.url}" userid="${db.username}" password="${db.password}" classpathref="classpath" onerror="continue" print="true">
				<transaction src="./etc/scripts/WORKPLACE_RELEASE_1-0/create_${db.type}_tables.sql" />
		</sql>
	</target>

	<target name="db_workdata_load_data" depends="init">
		<sql driver="${db.driver}" url="${db.url}" userid="${db.username}" password="${db.password}" classpathref="classpath" onerror="continue" print="true">
			<transaction src="./etc/scripts/WORKPLACE_RELEASE_1-0/workplace_access_insert_data.sql" />
		</sql>
	</target>

</project>


